Country Name,Country Code,Indicator Name,Indicator Code,1960,1961,1962,1963,1964,1965,1966,1967,1968,1969,1970,1971,1972,1973,1974,1975,1976,1977,1978,1979,1980,1981,1982,1983,1984,1985,1986,1987,1988,1989,1990,1991,1992,1993,1994,1995,1996,1997,1998,1999,2000,2001,2002,2003,2004,2005,2006,2007,2008,2009,2010,2011,2012,2013,2014,2015,2016,2017,2018,2019,2020,2021,2022,2023
Irlanda,IRL,PIB per cápita (US$ a precios actuales),NY.GDP.PCAP.CD,707,762,821,878,995,1055,1107,1187,1159,1331,1487,1704,2080,2424,2517,2973,2920,3427,4400,5430,6372,5986,6161,5915,5692,6012,8112,9582,10716,11176,14031,14087,15714,14657,15903,19158,20836,22551,24295,26338,26335,28282,32705,41204,47754,50933,54329,61396,61353,52133,48679,52693,49412,52619,57278,64312,64293,72499,81248,82508,87567,105561,106195,103888
Suiza,CHE,PIB per cápita (US$ a precios actuales),NY.GDP.PCAP.CD,1954,2155,2330,2508,2735,2865,3045,3237,3413,3657,4044,4835,5885,7856,9005,10328,10865,11644,16282,18266,19394,17665,18000,17859,16991,17152,24460,30441,32690,31309,39575,39544,40714,39237,43092,50114,48093,41584,42681,41696,38865,39639,42459,49336,54659,56243,59011,64989,74175,71568,76531,90477,85836,87304,88725,83806,82153,82254,85217,84122,85898,93446,93246,99565
Noruega,NOR,PIB per cápita (US$ a precios actuales),NY.GDP.PCAP.CD,1451,1571,1678,1787,1951,2179,2333,2531,2680,2894,3306,3736,4414,5690,6812,8204,8927,10266,11463,13047,15772,15513,15225,14928,14989,15754,18883,22506,24207,24281,28243,28597,30524,27964,29316,34876,37322,36629,34803,36393,38178,38602,43171,50250,57769,67047,74434,85502,97504,80348,88163,101222,102176,103554,97667,74810,70867,76132,82793,76431,68340,93073,108798,87925
Singapur,SGP,PIB per cápita (US$ a precios actuales),NY.GDP.PCAP.CD,428,449,472,511,486,517,567,626,709,813,926,1071,1264,1685,2342,2490,2759,2846,3194,3901,4928,5597,6078,6633,7228,7002,6800,7539,8914,10395,11862,14502,16136,18290,21552,24915,26233,26376,21829,21797,23853,21700,22160,23730,27608,29961,33768,39433,40009,38927,47237,53891,55548,56967,57565,55646,56900,61162,66841,66082,61467,79601,88429,84734
Estados Unidos,USA,PIB per cápita (US$ a precios actuales),NY.GDP.PCAP.CD,3000,3059,3236,3366,3565,3818,4136,4326,4685,5020,5234,5609,6094,6726,7226,7801,8592,9453,10565,11674,12575,13976,14434,15544,17121,18237,19071,20039,21417,22857,23889,24342,25419,26387,27695,28691,29968,31459,32854,34515,36330,37134,37998,39490,41725,44123,46302,48050,48570,47195,48651,50066,51784,53410,55304,57040,58207,60322,63201,65605,64411,71318,78035,82769
Qatar,QAT,PIB per cápita (US$ a precios actuales),NY.GDP.PCAP.CD,,,,,,,,,,,2594,2952,3483,4905,13540,13014,15710,16058,16757,21777,28375,29505,24385,19616,19272,16815,13213,13719,14682,15243,16722,15133,16280,14770,14765,15823,17125,20523,17665,20234,27535,25871,27227,31602,41036,53950,62582,65954,80781,60786,77387,103262,108470,103697,95841,68985,61254,63280,71040,66841,51684,71752,88701,80196
Islandia,ISL,PIB per cápita (US$ a precios actuales),NY.GDP.PCAP.CD,1436,1439,1586,1859,2332,2764,3264,3173,2390,2070,2576,3252,4015,5437,7041,6454,7583,9957,11237,12641,14822,15137,13712,11672,11960,12361,16406,22453,24452,22434,25385,26803,27124,23580,24019,26634,27615,27919,31030,32382,32096,28897,32409,39477,47335,56795,57493,69496,56943,41301,43237,47715,45996,49805,54577,52952,61988,72010,74452,68452,59024,69326,75314,79637
Dinamarca,DNK,PIB per cápita (US$ a precios actuales),NY.GDP.PCAP.CD,1389,1531,1711,1807,2049,2284,2487,2701,2776,3151,3464,3846,4654,6117,6764,7988,8773,9770,11818,13757,13822,12000,11740,11797,11517,12213,17137,21296,22525,21882,26886,27003,29579,27582,29968,35321,35622,32780,33346,33426,30722,30768,33257,40519,46625,48926,52119,58632,64617,58413,58105,61810,58444,61378,62520,53094,54501,57522,61325,59404,60985,69728,68091,68454
Australia,AUS,PIB per cápita (US$ a precios actuales),NY.GDP.PCAP.CD,1811,1878,1855,1967,2131,2281,2344,2580,2724,2991,3305,3495,3949,4771,6483,7004,7487,7776,8253,9295,10209,11854,12779,11516,12422,11442,11392,11651,14285,17834,18249,18860,18624,17700,18130,20448,22022,23647,21479,20713,21870,19696,20302,23718,30837,34480,36596,41052,49701,42817,52145,62606,68073,68191,62544,56739,49888,53902,57196,54973,51792,60608,64997,64821
Países Bajos,NLD,PIB per cápita (US$ a precios actuales),NY.GDP.PCAP.CD,1156,1254,1342,1437,1668,1848,1986,2155,2364,2647,2931,3384,4110,5353,6450,7346,7937,9180,11196,12817,13812,11537,11089,10696,9992,9941,13804,16734,17771,17423,21322,21764,23939,23156,24683,29301,29064,26745,27924,28319,26225,26956,29447,35897,40611,42165,45124,52101,58247,53172,51306,54702,50474,52602,53457,45794,46809,49514,53955,53555,53468,60142,59123,64572
Austria,AUT,PIB per cápita (US$ a precios actuales),NY.GDP.PCAP.CD,940,1037,1093,1173,1275,1381,1494,1577,1686,1834,2051,2372,2913,3875,4613,5265,5656,6784,8173,9755,10827,9348,9373,9500,8956,9136,13032,16329,17510,17401,21596,22323,24783,23987,25546,30207,29646,26572,27212,27079,24487,24430,26335,32110,36614,38157,40382,46623,51581,47857,46611,51117,48250,50305,51315,43915,45061,47164,51194,49886,48716,53649,52177,56034
Suecia,SWE,PIB per cápita (US$ a precios actuales),NY.GDP.PCAP.CD,2128,2304,2485,2675,2961,3228,3478,3746,3953,4263,4729,5125,6018,7291,8078,10103,10853,11432,12602,14856,17073,15564,13719,12590,13080,13647,17955,21761,24499,25625,30550,31777,32754,24390,26046,30254,33023,30324,30606,30969,29633,27259,29958,37292,42758,43379,46532,53569,55817,46708,52543,60380,57750,60844,59584,51198,51820,53301,54182,51773,52654,61175,55297,55517
Bélgica,BEL,PIB per cápita (US$ a precios actuales),NY.GDP.PCAP.CD,1290,1368,1457,1555,1724,1860,1983,2114,2251,2490,2766,3083,3832,4901,5734,6701,7243,8427,10290,11811,12864,10623,9344,8846,8457,8751,12170,15136,16391,16525,20600,21042,23373,22284,24209,28414,27490,24821,25338,25253,23099,23015,25006,30655,35429,36810,38705,44319,48303,44923,44197,47761,44874,46965,47996,40894,41855,44035,47487,46717,45906,51656,50807,54701
Alemania,DEU,PIB per cápita (US$ a precios actuales),NY.GDP.PCAP.CD,1162,1316,1431,1502,1637,1774,1871,1886,2025,2281,2771,3204,3824,5065,5660,6259,6659,7711,9517,11322,12183,10246,9950,9900,9347,9464,13511,16739,17997,17829,22386,23443,26560,25617,27202,31747,30600,27047,27396,26965,23926,23878,25487,30711,34567,35084,36980,42351,46386,42487,42410,47647,44736,47220,48971,41911,42961,45527,48875,47624,47380,52266,49686,54343
Canadá,CAN,PIB per cápita (US$ a precios actuales),NY.GDP.PCAP.CD,2265,2246,2274,2380,2562,2777,3055,3226,3473,3776,4136,4535,5107,5858,7057,7537,8839,8949,9154,10078,11208,12379,12527,13477,13930,14170,14521,16378,19013,20795,21526,21847,20950,20187,19998,20680,21297,21902,21025,22315,24271,23822,24256,28302,32146,36384,40504,44660,46710,40875,47561,52224,52670,52638,50961,43594,42314,45130,46539,46353,43538,52497,55509,53431
Finlandia,FIN,PIB per cápita (US$ a precios actuales),NY.GDP.PCAP.CD,1192,1341,1427,1538,1726,1902,2032,2056,1927,2201,2466,2716,3178,4174,5298,6256,6740,7070,7629,9333,11225,10925,10935,10494,10830,11394,14947,18565,22044,23969,28366,25489,22320,17589,20278,26246,25757,24682,26000,26180,24336,24965,26989,32920,37768,39050,41214,48473,53769,47478,46506,51060,47552,49691,50074,42560,43451,46085,49654,48358,48829,53099,50438,52926
Israel,ISR,PIB per cápita (US$ a precios actuales),NY.GDP.PCAP.CD,1450,1694,1291,1484,1623,1686,1786,1732,1944,2185,2486,2294,2924,3625,5076,4664,4508,5044,4788,5961,6537,6783,7245,7946,7355,6816,8320,9836,11832,11587,13284,14320,15482,15152,16777,18991,20180,20433,20157,19782,21661,20907,19034,19629,20546,21227,22502,25636,30176,28382,31339,34434,33237,36930,38230,36124,37557,40998,42233,44141,44680,52256,54931,52642
Hong Kong,HKG,PIB per cápita (US$ a precios actuales),NY.GDP.PCAP.CD,424,437,488,566,630,677,686,723,714,826,960,1106,1385,1893,2145,2252,2850,3429,3924,4569,5700,5991,6134,5595,6208,6543,7435,9071,10610,12098,13486,15466,17976,20396,22503,23497,24818,27330,25809,25092,25757,25230,24666,23977,24928,26650,28224,30594,31516,30698,32550,35142,36731,38404,40315,42432,43734,46160,48538,48359,46109,49771,48826,50532
Reino Unido,GBR,PIB per cápita (US$ a precios actuales),NY.GDP.PCAP.CD,1398,1472,1526,1613,1748,1874,1987,2059,1952,2101,2348,2650,3030,3426,3666,4300,4138,4681,5977,7805,10032,9599,9146,8692,8179,8652,10611,13119,15987,16239,19095,19901,20487,18389,19709,23169,24406,26766,28275,28762,28281,27907,30078,34443,40367,42105,44512,50398,47396,38744,39599,42110,42497,43426,47440,44964,40985,40572,43204,42663,40202,46897,45936,49464
Emiratos Árabes Unidos,ARE,PIB per cápita (US$ a precios actuales),NY.GDP.PCAP.CD,,,,,,,,,,,2394,2805,3675,9696,23823,27117,31197,35020,29379,34238,42925,44854,39972,34650,32012,29468,23132,23113,21570,23167,26710,25691,25648,25033,25473,27003,28323,27983,24889,25856,29866,27745,27754,29660,33377,38719,44343,45855,50054,37803,43697,50789,52034,52024,51381,43535,41326,42341,45690,44251,37174,43360,49899,49041
Nueva Zelandia,NZL,PIB per cápita (US$ a precios actuales),NY.GDP.PCAP.CD,2334,2365,2471,2646,2839,2171,2211,2208,1902,2097,2311,2773,3295,4323,4611,4172,4374,4951,5937,6668,7467,7814,7656,7598,6714,7601,9428,12331,13759,13312,13663,12230,11793,13094,15280,17400,18794,17474,14738,15322,13641,13883,16874,21914,25420,27751,26655,32480,31253,28209,33677,38389,39974,42977,44578,38639,40071,42913,43229,42747,41786,49624,48217,48281
Andorra,AND,PIB per cápita (US$ a precios actuales),NY.GDP.PCAP.CD,,,,,,,,,,,3935,4170,4940,6151,7140,7925,7721,8168,9410,11996,12475,10465,9698,8082,7808,7912,10539,12828,14599,15715,19564,19533,20100,15917,15749,18443,19130,18248,18537,18875,21810,23511,26528,34064,39021,40830,43467,48336,49133,43975,42747,46657,41501,42470,44370,38655,40130,40673,42820,41258,37361,42426,42414,46812
Francia,FRA,PIB per cápita (US$ a precios actuales),NY.GDP.PCAP.CD,1303,1395,1548,1718,1884,2015,2165,2321,2513,2724,2825,3128,3807,4914,5267,6607,6795,7465,9167,11063,12565,10956,10360,9862,9312,9657,13430,16176,17550,17547,21586,21501,23615,22239,23360,26792,26758,24169,24869,24576,22341,22332,24145,29480,33645,34696,36432,41486,45465,41728,40695,43930,40864,42669,43148,36702,37024,38687,41418,40408,39170,43725,41083,44691
Malta,MLT,PIB per cápita (US$ a precios actuales),NY.GDP.PCAP.CD,,,,,,,,,,,828,874,976,1144,1245,1560,1727,2038,2559,3196,3948,3898,3788,3527,3333,3322,4195,5084,5814,6041,7192,7559,8220,7296,8000,9828,10062,9893,10408,10609,10348,10358,11251,13594,15212,15831,16654,19444,22315,21176,21947,23517,22878,25347,27357,25482,26410,30259,33332,32412,31797,38027,36142,40396
Italia,ITA,PIB per cápita (US$ a precios actuales),NY.GDP.PCAP.CD,837,923,1030,1171,1272,1357,1459,1595,1718,1886,2112,2311,2677,3213,3629,4116,4042,4614,5623,7006,8476,7640,7574,7851,7758,8009,11341,14268,15781,16424,20874,22007,23297,18782,19382,20712,23123,21884,22365,22050,20190,20571,22464,27619,31426,32172,33685,38032,41095,37388,36185,38851,35236,35748,35751,30387,31126,32554,34746,33813,32091,36853,35636,39003
Puerto Rico,PRI,PIB per cápita (US$ a precios actuales),NY.GDP.PCAP.CD,718,777,855,932,1006,1111,1208,1335,1481,1662,1852,2044,2246,2432,2615,2738,2946,3209,3568,4025,4503,4921,5115,5218,5730,6008,6455,6980,7595,8033,8653,9064,9659,10212,10876,11579,12173,12818,14304,15221,16192,18123,18731,19557,20989,21959,22936,23665,24898,25769,26436,27279,27945,28513,28981,29763,30627,31109,31615,32917,31427,32619,35268,36779
Chipre,CYP,PIB per cápita (US$ a precios actuales),NY.GDP.PCAP.CD,,,,,,,,,,,,,,,,976,1157,1476,1929,2559,4232,4033,4123,4091,4259,4488,5643,6691,7646,8039,9642,9696,11310,10526,11618,15261,15139,14234,15093,15288,14388,14821,16093,20252,23793,24959,26729,31245,35397,32236,31105,32486,28992,27797,27244,23487,24715,26697,29600,29703,28649,33734,33939,36551
Bahamas,BHS,PIB per cápita (US$ a precios actuales),NY.GDP.PCAP.CD,1459,1555,1651,1759,1883,2030,2239,2453,2668,3027,2916,3004,3014,3341,3080,2841,2993,3253,3720,4994,5743,6029,6559,7081,8202,9167,9601,10361,10576,11291,11473,11082,10873,10613,10991,11375,11784,20368,21667,24041,24940,25372,26782,26429,26650,28602,29185,30052,29392,27513,27473,27091,28552,27433,28706,30289,30267,31337,32124,32980,25156,28682,33044,35897
Aruba,ABW,PIB per cápita (US$ a precios actuales),NY.GDP.PCAP.CD,,,,,,,,,,,,,,,,,,,,,,,,,,,6768,8244,10056,11507,12188,13234,13893,14701,16055,16549,16621,17750,18828,19216,20681,20740,21307,21949,23701,24172,24846,26736,28172,25135,24093,25712,25120,25814,26130,27458,27442,28440,30082,31096,22856,27200,30560,33985
Japón,JPN,PIB per cápita (US$ a precios actuales),NY.GDP.PCAP.CD,509,609,685,776,903,994,1144,1326,1553,1803,2101,2321,3031,4061,4448,4776,5310,6473,9012,9301,9669,10583,9780,10652,11207,11809,17452,21142,25500,25266,25801,29428,31993,36345,39934,44198,39150,35638,32424,36610,39169,34406,32821,35387,38299,37813,35992,35779,39876,41309,44968,48760,49145,40899,38475,34961,39375,38834,39751,40416,40041,40059,34017,33767
Kuwait,KWT,PIB per cápita (US$ a precios actuales),NY.GDP.PCAP.CD,,,4748,4445,4379,4024,4176,3887,3872,3695,3552,4486,4836,5532,12527,10882,11141,11238,11567,17386,19032,15825,12979,11965,11919,11322,9077,10896,9692,10965,10938,8147,12146,14318,14930,16168,18201,16977,14067,15854,19296,17374,18513,22691,27552,36123,42947,45709,55585,37907,39212,49170,52155,49651,44369,29882,27324,29048,32068,31708,25236,34044,40077,33730
España,ESP,PIB per cápita (US$ a precios actuales),NY.GDP.PCAP.CD,408,463,535,627,695,797,916,997,978,1109,1211,1361,1708,2246,2748,3208,3277,3625,4353,5766,6204,5367,5156,4475,4487,4696,6509,8234,9696,10674,13795,14801,16101,13330,13406,15461,16101,14722,15382,15708,14743,15368,17111,21522,24925,26451,28422,32652,35603,32280,30659,31825,28456,29219,29695,25970,26741,28368,30592,29776,27230,30818,30287,33509
"Corea, República de",KOR,PIB per cápita (US$ a precios actuales),NY.GDP.PCAP.CD,158,94,106,146,124,109,133,161,198,243,279,301,324,407,563,617,834,1056,1406,1784,1715,1883,1993,2199,2413,2482,2835,3555,4749,5817,6610,7637,8127,8885,10385,12565,13403,12398,8282,10672,12257,11561,13165,14673,16496,19403,21743,24086,21350,19144,23079,25098,25459,27180,29253,28737,29280,31601,33447,31902,31721,35126,32395,33121
Brunei Darussalam,BRN,PIB per cápita (US$ a precios actuales),NY.GDP.PCAP.CD,,,,,,1029,1146,1149,1274,1226,1325,1432,1905,2939,15195,15793,18671,21747,23447,33501,58005,48793,45075,38720,36061,31827,18501,21030,18825,20090,23659,23932,23451,22397,22767,26443,25692,25522,17769,19752,20130,18288,18621,20678,24423,29386,34675,36217,42157,30946,34938,46383,46969,44003,41027,30625,26663,28024,30988,30427,26834,31007,36633,32963
Eslovenia,SVN,PIB per cápita (US$ a precios actuales),NY.GDP.PCAP.CD,,,,,,,,,,,,,,,,,,,,,,,,,,,,,,,9925,7229,7151,7255,8244,10738,10797,10437,11132,11401,10136,10376,11639,14712,17104,17970,19563,23725,27462,24502,23330,24941,22442,23237,24013,20697,21448,23303,25888,25814,25392,29187,28374,32610
Arabia Saudita,SAU,PIB per cápita (US$ a precios actuales),NY.GDP.PCAP.CD,718,760,813,812,840,904,961,1032,1276,1313,1509,1929,2474,3640,10503,10266,13313,14595,14914,19612,27206,28703,22454,17810,15541,12745,10078,9386,9165,9414,11055,11847,11730,10885,10602,10786,11472,11545,9836,10452,11715,10805,10586,11487,13154,15976,17564,18596,22320,17718,22028,26966,28349,27290,27080,22454,21516,23081,28036,27893,23271,28396,34454,32094
República Checa,CZE,PIB per cápita (US$ a precios actuales),NY.GDP.PCAP.CD,,,,,,,,,,,,,,,,,,,,,,,,,,,,,,,3969,2917,3397,3984,4663,5865,6573,6069,6527,6378,6063,6669,8101,9852,11783,13442,15259,18453,22775,19817,20160,22049,20014,20260,20038,17932,18754,20913,23706,24063,23473,27696,28282,31591
Islas Turcas y Caicos,TCA,PIB per cápita (US$ a precios actuales),NY.GDP.PCAP.CD,,,,,,,,,,,,,,,,,,,,,,,,,,,,,,,,,,,,,,,,,,18326,17804,18859,21246,24122,28734,29444,31454,24597,23094,23627,22634,22412,23996,25736,26946,25780,27160,27273,17453,23115,26802,30349
Estonia,EST,PIB per cápita (US$ a precios actuales),NY.GDP.PCAP.CD,,,,,,,,,,,,,,,,,,,,,,,,,,,,,,,,,,2686,2819,3134,3381,3683,4093,4141,4071,4503,5343,7205,8916,10415,12641,16745,18206,14712,14664,17556,17568,19310,20582,17722,18666,20852,23618,24021,23934,27954,28451,30133
Bahrein,BHR,PIB per cápita (US$ a precios actuales),NY.GDP.PCAP.CD,,,,,,,,,,,1742,1830,2206,2981,3874,3880,5310,6358,6926,7891,9733,10557,10712,10599,10697,9649,7777,8333,8772,8833,9343,10434,10460,11152,11629,11901,12092,12255,11625,12123,14214,13573,13501,14486,15964,17966,19267,20908,23299,19465,21819,25033,26439,26990,26452,23734,23800,24785,26324,27260,24343,27148,30616,29219
Lituania,LTU,PIB per cápita (US$ a precios actuales),NY.GDP.PCAP.CD,,,,,,,,,,,,,,,,,,,,,,,,,,,,,,,,,,,,2183,2341,2844,3181,3128,3301,3533,4148,5507,6735,7857,9210,12295,14956,11854,11829,14262,14295,15655,16474,14300,14982,16885,19369,19728,20542,23935,25086,27786
Portugal,PRT,PIB per cápita (US$ a precios actuales),NY.GDP.PCAP.CD,377,400,426,452,490,545,601,676,752,832,934,1065,1302,1748,2000,2128,2173,2267,2457,2756,3368,3246,3080,2735,2523,2705,3862,4804,5624,6056,7885,8959,10811,9535,9977,11781,12185,11576,12199,12475,11526,11735,12937,15798,18064,18780,19839,22811,24949,23151,22552,23247,20593,21676,22121,19216,19980,21442,23541,23343,22299,24711,24621,27331
República Eslovaca,SVK,PIB per cápita (US$ a precios actuales),NY.GDP.PCAP.CD,,,,,,,,,,,,,,,,,,,,,,,,,,,,,,,2437,2727,2959,3143,3821,4883,5248,5172,5561,5652,5422,5712,6555,8675,10650,11642,13168,16110,18744,16587,16899,18469,17517,18313,18771,16442,16636,17646,19573,19406,19735,22138,21343,24491
Barbados,BRB,PIB per cápita (US$ a precios actuales),NY.GDP.PCAP.CD,347,366,377,421,414,433,462,508,506,567,666,750,856,1042,1243,1601,1734,1968,2198,2668,4025,4417,4599,4866,5284,5510,6031,6625,7033,7773,7781,7790,7519,7905,8223,8460,9012,9522,10734,11244,11675,11640,11760,12076,12886,14214,15620,17235,17566,16295,18860,19346,19034,19308,19278,18954,19066,19693,20056,20584,18347,18697,22164,23804
Grecia,GRC,PIB per cápita (US$ a precios actuales),NY.GDP.PCAP.CD,513,583,608,686,773,887,984,1053,1138,1306,1474,1629,1873,2468,2789,3109,3343,3832,4629,5627,5812,5305,5502,4950,4785,4747,5578,6474,7492,7738,9467,10047,11021,10257,10937,12779,13433,13016,13023,12743,11638,12157,13782,18021,21449,22054,24416,28441,31696,29425,26653,25505,21624,21573,21475,17981,17919,18632,19873,19335,17887,20655,20972,23401
Uruguay,URY,PIB per cápita (US$ a precios actuales),NY.GDP.PCAP.CD,491,604,659,587,745,705,668,585,579,723,766,1000,776,1397,1433,1232,1268,1414,1678,2443,3443,3728,3085,1707,1615,1568,1939,2416,2677,2734,2995,3589,4102,4753,5508,6050,6398,7436,7837,7371,6988,6383,4150,3671,4169,5284,6001,7222,9424,9881,12641,15132,16260,18335,18322,17126,17010,19185,19250,18316,15790,17888,20692,22798
Letonia,LVA,PIB per cápita (US$ a precios actuales),NY.GDP.PCAP.CD,,,,,,,,,,,,,,,,,,,,,,,,,,,,,,,,,,,,2257,2360,2610,2894,3064,3278,3505,4004,4915,6110,7284,9212,13371,15678,11996,11188,12903,13329,14484,15186,13322,13839,15132,17252,17295,17564,20263,20229,22503
Curacao,CUW,PIB per cápita (US$ a precios actuales),NY.GDP.PCAP.CD,,,,,,,,,,,,,,,,,,,,,,,,,,,,,,,,,,,,,,,,,15841,16610,16724,16696,16671,17032,17400,18006,19423,19540,19847,19426,19810,19721,19623,19362,18944,18938,19119,19221,16356,17980,20502,22192
Hungría,HUN,PIB per cápita (US$ a precios actuales),NY.GDP.PCAP.CD,,,,,,,,,475,526,557,605,707,873,953,1080,1245,1384,1613,1859,2151,2206,2248,2043,1985,2013,2323,2558,2803,2893,3313,3350,3735,3874,4173,4495,4525,4596,4744,4793,4624,5276,6655,8419,10302,11223,11490,13941,15772,13077,13218,14234,12985,13715,14294,12717,13105,14621,16425,16786,16132,18755,18353,22142
Polonia,POL,PIB per cápita (US$ a precios actuales),NY.GDP.PCAP.CD,,,,,,,,,,,,,,,,,,,,,,,,,,,,,,,1731,2236,2459,2497,2875,3701,4164,4137,4534,4416,4521,5015,5223,5721,6712,8044,9069,11273,14049,11556,12568,13868,13087,13622,14262,12638,12464,13913,15658,15875,15988,18636,18891,22057
Croacia,HRV,PIB per cápita (US$ a precios actuales),NY.GDP.PCAP.CD,,,,,,,,,,,,,,,,,,,,,,,,,,,,,,,5369,4001,2321,2448,3238,4929,5300,5331,5713,5269,4954,5365,6220,8190,9719,10444,11503,13758,15889,14476,13731,14695,13509,14136,14188,12285,12821,13903,15460,15564,14808,17790,18466,21865
Antigua y Barbuda,ATG,PIB per cápita (US$ a precios actuales),NY.GDP.PCAP.CD,,,,,,,,,,,,,,,,,,1213,1375,1705,2053,2310,2569,2847,3270,3814,4629,5424,6466,7187,7590,7956,8153,8624,9351,9034,9756,10336,10907,11342,12021,11536,11657,12171,13036,14366,16172,18204,18785,16471,15216,14842,15209,15051,15533,16081,16558,16925,18273,18884,15360,17340,20118,21787
Omán,OMN,PIB per cápita (US$ a precios actuales),NY.GDP.PCAP.CD,83,85,102,107,108,108,113,175,300,372,387,442,524,670,2203,2692,3143,3205,3044,3934,5974,6866,6759,6714,7070,7549,5182,5204,5279,5591,7546,6977,7318,7039,7068,7414,8068,8235,7219,7915,9754,9612,9869,10464,11801,14435,16931,18793,26577,20656,23570,25188,24642,23458,23161,18808,17110,17820,19902,19180,16785,19403,23666,21550
Guyana,GUY,PIB per cápita (US$ a precios actuales),NY.GDP.PCAP.CD,299,319,327,289,313,336,353,378,340,361,381,396,395,421,588,664,604,593,663,689,779,735,621,631,565,588,657,464,545,503,529,466,498,603,716,820,928,983,940,909,932,932,951,974,1033,1084,3136,3608,4009,4209,4582,4947,5444,5557,5473,5640,5871,6179,6048,6406,6776,9861,17913,20765
Trinidad y Tobago,TTO,PIB per cápita (US$ a precios actuales),NY.GDP.PCAP.CD,634,678,704,756,780,793,768,797,783,795,829,894,1067,1273,1962,2319,2345,2907,3258,4155,5559,6160,7091,6690,6613,6212,3985,3941,3656,3482,4047,4205,4277,3647,3840,4115,4427,4394,4613,5179,6179,6657,6763,8445,9871,12346,14153,16607,21299,14634,16815,19151,20472,21416,22074,20025,17522,17720,18076,17431,15225,17913,22004,20016
Panamá,PAN,PIB per cápita (US$ a precios actuales),NY.GDP.PCAP.CD,477,516,546,587,611,651,689,745,778,830,893,979,1046,1164,1296,1406,1457,1503,1738,1938,2357,2605,2811,2819,2875,2972,3019,2966,2509,2462,2620,2821,3140,3358,3508,3514,3308,3546,3808,3950,3975,3992,4091,4265,4645,5018,5529,6318,7348,7797,8331,9662,11065,12273,13213,14083,14832,15695,16151,16478,13291,15510,17332,18686
Rumania,ROU,PIB per cápita (US$ a precios actuales),NY.GDP.PCAP.CD,,,,,,,,,,,,,,,,,,,,,,,,,,,,1659,1753,1790,1648,1254,1102,1158,1323,1650,1633,1577,1853,1600,1660,1825,2120,2679,3495,4618,5758,8360,10435,8548,8400,9561,8930,9498,10032,8977,9405,10728,12502,12992,13082,14987,15558,18404
Seychelles,SYC,PIB per cápita (US$ a precios actuales),NY.GDP.PCAP.CD,288,270,287,308,332,328,338,333,314,314,344,402,547,649,745,806,814,1044,1377,2030,2478,2557,2441,2426,2488,2754,3368,3872,4392,4689,5642,5655,6520,6979,6975,7181,7004,7747,8210,8243,8064,8153,8864,9070,10828,11802,12783,12669,11265,9747,10935,12110,12337,14821,15188,15333,16567,17480,18440,19142,14041,14983,17167,17879
Chile,CHL,PIB per cápita (US$ a precios actuales),NY.GDP.PCAP.CD,504,580,663,645,674,678,780,755,756,864,929,1087,1163,1627,1543,714,954,1269,1431,1923,2523,2955,1648,1693,1611,1429,1501,1740,2003,2265,2466,2770,3309,3495,3981,5056,5334,5742,5420,4934,5053,4564,4431,4773,6121,7480,9319,10346,10683,10099,12633,14487,15242,15684,14530,13434,13650,14880,15659,14496,13115,16217,15451,17068
Costa Rica,CRI,PIB per cápita (US$ a precios actuales),NY.GDP.PCAP.CD,382,356,335,346,354,374,395,414,445,477,536,570,639,769,817,937,1123,1393,1556,1735,2021,1068,1032,1213,1372,1429,1569,1567,1555,1725,1830,2253,2612,2840,3040,3275,3227,3408,3617,3691,3813,3985,4068,4173,4431,4703,5257,6138,6937,6833,8266,9276,10127,10803,10911,11715,12091,12317,12590,12885,12394,12838,13626,16942
Bulgaria,BGR,PIB per cápita (US$ a precios actuales),NY.GDP.PCAP.CD,,,,,,,,,,,,,,,,,,,,,2239,2235,2169,1853,1964,1915,2260,3132,2511,2477,2367,1268,1212,1279,1148,2259,1470,1361,1820,1660,1621,1771,2093,2719,3390,3900,4523,5889,7271,6988,6864,7857,7431,7688,7912,7079,7571,8382,9436,9839,10199,12274,13644,15886
Argentina,ARG,PIB per cápita (US$ a precios actuales),NY.GDP.PCAP.CD,,,1160,853,1176,1282,1275,1064,1142,1330,1323,1373,1409,2098,2845,2027,1947,2126,3282,2512,2748,2764,2915,3538,3915,2906,3436,3477,3993,2375,4315,5709,6790,6932,7438,7358,7663,8147,8219,7706,7637,7141,2570,3320,4242,5068,5869,7185,8944,8150,10260,12704,12950,12964,12233,13680,12700,14533,11753,9956,8536,10738,13936,14187
Federación de Rusia,RUS,PIB per cápita (US$ a precios actuales),NY.GDP.PCAP.CD,,,,,,,,,,,,,,,,,,,,,,,,,,,,,3778,3430,3494,3490,3099,2931,2662,2666,2644,2738,1835,1331,1772,2100,2378,2975,4102,5323,6920,9101,11635,8563,10675,14305,15402,15941,14055,9278,8663,10659,11212,11448,10108,12522,15445,13817
México,MEX,PIB per cápita (US$ a precios actuales),NY.GDP.PCAP.CD,355,374,388,420,481,506,545,576,616,660,699,748,837,993,1256,1492,1465,1315,1604,2049,3055,3829,2621,2170,2506,2602,1757,1888,2279,2725,3154,3709,4221,6048,6202,4184,4674,5567,5833,6500,7524,7953,7983,7434,7850,8672,9513,10134,10524,8424,9729,10664,10744,11217,11391,10021,9098,9649,10085,10370,8841,10314,11385,13790
Santa Lucía,LCA,PIB per cápita (US$ a precios actuales),NY.GDP.PCAP.CD,,,,,,,,,,,,,,,,,,,,,1428,1605,1489,1576,1979,2202,2591,2819,3182,3565,4205,4399,4760,4765,4892,5148,5244,5282,5673,5883,5880,5570,5568,6059,6495,6863,7611,7964,8517,8251,8674,9129,9260,9576,10045,10335,10638,11333,11643,11794,8411,10459,13104,13555
Mundo,WLD,PIB per cápita (US$ a precios actuales),NY.GDP.PCAP.CD,454,472,497,524,563,601,638,663,702,760,816,883,1000,1199,1359,1485,1586,1762,2049,2329,2580,2621,2547,2554,2607,2683,3108,3475,3814,3915,4338,4438,4662,4665,4945,5430,5473,5375,5289,5387,5494,5388,5522,6113,6800,7271,7780,8658,9393,8793,9515,10454,10550,10719,10881,10142,10188,10732,11289,11335,10917,12353,12737,13170
Turquía,TUR,PIB per cápita (US$ a precios actuales),NY.GDP.PCAP.CD,267,274,298,337,354,370,425,459,501,544,488,431,537,661,881,1122,1228,1372,1510,2013,1516,1537,1360,1276,1209,1326,1461,1650,1686,1949,2690,2649,2744,3058,2176,2775,2929,3021,4330,3969,4192,3046,3583,4638,5961,7303,7953,9711,10844,9013,10623,11301,11713,12578,12165,11050,10970,10696,9569,9215,8639,9743,10675,13106
Nauru,NRU,PIB per cápita (US$ a precios actuales),NY.GDP.PCAP.CD,,,,,,,,,,,2619,2811,3191,3864,5199,5740,5703,5646,5721,5950,6138,6594,6577,5896,5654,4859,4569,4485,5012,5723,5776,5333,5103,4310,3921,3932,3679,3661,2909,2683,2649,2232,2085,2463,3041,2992,2910,2272,3757,4411,4736,6481,9817,8975,9193,7703,8724,9613,11409,10777,10696,14990,13287,12983
Kazajstán,KAZ,PIB per cápita (US$ a precios actuales),NY.GDP.PCAP.CD,,,,,,,,,,,,,,,,,,,,,,,,,,,,,,,1570,1442,1438,1355,1247,1218,1281,1382,1415,1092,1180,1422,1574,1958,2722,3577,5030,6449,8124,6938,8793,11287,12019,13478,12428,10196,7476,8943,9472,9457,8782,9984,11255,12919
China,CHN,PIB per cápita (US$ a precios actuales),NY.GDP.PCAP.CD,90,76,71,74,85,98,104,97,91,100,113,119,132,157,160,178,165,185,156,184,195,197,203,225,251,294,282,252,284,311,318,333,366,377,473,610,709,782,829,873,959,1053,1149,1289,1509,1753,2099,2694,3468,3832,4550,5614,6301,7020,7636,8016,8094,8817,9905,10144,10409,12618,12663,12614
Maldivas,MDV,PIB per cápita (US$ a precios actuales),NY.GDP.PCAP.CD,,,,,,,,,,,157,170,192,229,281,171,152,137,156,240,258,264,275,323,594,669,720,692,799,870,957,1054,1194,1317,1419,1555,1717,1898,1980,2124,2214,3034,3076,3549,4070,3797,5019,5758,6757,6734,7174,7425,7461,8236,8939,9645,9948,10510,11423,11740,7394,10176,11786,12530
Serbia,SRB,PIB per cápita (US$ a precios actuales),NY.GDP.PCAP.CD,,,,,,,,,,,,,,,,,,,,,,,,,,,,,,,,,,,,2349,3054,3574,2775,2769,975,1812,2391,3154,3597,3808,4493,6081,7377,6414,5971,7082,6263,7040,6887,5820,5982,6548,7560,7756,8099,9681,10023,12282
Montenegro,MNE,PIB per cápita (US$ a precios actuales),NY.GDP.PCAP.CD,,,,,,,,,,,,,,,,,,,,,,,,,,,,,,,,,,,,,,1375,1406,1368,1627,1910,2107,2789,3380,3675,4426,5976,7368,6727,6688,7329,6586,7189,7388,6517,7033,7803,8850,8910,7677,9466,10093,12221
Mauricio,MUS,PIB per cápita (US$ a precios actuales),NY.GDP.PCAP.CD,240,282,282,353,297,305,296,304,259,273,271,300,374,467,763,755,787,906,1102,1292,1187,1181,1101,1103,1042,1069,1442,1840,2074,2103,2540,2705,3013,3014,3240,3648,3952,3696,3642,3746,3982,3909,4073,4858,5461,5354,5696,6575,8030,7318,8000,9197,9291,9765,10366,9508,9966,10842,11643,11403,9011,9069,10240,11613
Malasia,MYS,PIB per cápita (US$ a precios actuales),NY.GDP.PCAP.CD,241,233,239,292,303,326,339,335,342,368,380,407,472,701,848,811,940,1092,1327,1680,1886,1866,1938,2124,2300,2046,1760,1977,2100,2244,2469,2679,3141,3462,3758,4363,4837,4679,3294,3528,4084,3944,4184,4465,4939,5556,6158,7169,8372,7191,8899,10217,10601,10714,11013,9649,9477,9863,10902,10920,9958,10903,11748,11379
Granada,GRD,PIB per cápita (US$ a precios actuales),NY.GDP.PCAP.CD,,,,,,,,,,,,,,,,,,737,917,1071,1173,1230,1329,1388,1524,1745,1938,2205,2404,2697,2782,2984,3053,3026,3152,3294,3508,3725,4206,4516,4840,4820,4984,5428,5480,6339,6344,6865,7448,6933,6910,6947,7093,7425,7986,8694,9221,9751,10083,10463,8969,9622,10474,11246
República Dominicana,DOM,PIB per cápita (US$ a precios actuales),NY.GDP.PCAP.CD,206,194,237,262,277,233,251,256,260,288,338,368,427,490,595,713,763,863,868,984,1180,1288,1376,1500,1844,784,932,868,784,955,989,1346,1558,1722,1892,2109,2271,2449,2608,2621,2831,2936,3066,2383,2452,3878,4055,4650,5027,4978,5485,5835,6026,6149,6513,6820,7175,7500,7935,8164,7162,8472,10110,10718
San Vicente,VCT,PIB per cápita (US$ a precios actuales),NY.GDP.PCAP.CD,155,163,167,155,164,166,175,170,163,175,192,207,282,306,331,331,324,484,592,687,790,972,1074,1144,1254,1342,1472,1596,1814,1930,2150,2271,2471,2540,2563,2795,2930,3074,3301,3447,3769,4071,4303,4500,4873,5157,5745,6398,6599,6464,6552,6528,6714,7072,7169,7354,7657,7988,8428,8743,8395,8481,9471,10520
Ingreso mediano alto,UMC,PIB per cápita (US$ a precios actuales),NY.GDP.PCAP.CD,156,147,149,153,171,187,201,198,205,224,240,254,285,367,462,501,533,587,636,728,839,889,858,824,856,868,876,869,922,1004,1189,1102,1161,1263,1405,1577,1723,1814,1770,1705,1845,1828,1825,2017,2358,2779,3250,3964,4753,4678,5673,6729,7116,7491,7707,7360,7329,7977,8474,8551,8229,9770,10157,10451
Brasil,BRA,PIB per cápita (US$ a precios actuales),NY.GDP.PCAP.CD,235,232,250,294,257,268,328,351,374,399,444,500,583,815,1045,1201,1390,1562,1733,1870,1959,2080,2138,1461,1420,1556,1854,2006,2141,2819,3118,2258,2127,2349,3299,4757,5179,5299,5106,3494,3767,3176,2856,3091,3664,4828,5934,7410,8908,8679,11403,13397,12522,12459,12275,8936,8836,10081,9301,9030,7074,7973,9281,10295
Dominica,DMA,PIB per cápita (US$ a precios actuales),NY.GDP.PCAP.CD,,,,,,,,,,,,,,,,,,634,786,754,996,1125,1232,1363,1515,1666,1893,2138,2423,2639,2893,3171,3376,3536,3805,3952,4211,4372,4664,4817,4867,4982,4874,5010,5349,5299,5672,6120,6654,7102,7172,7256,7031,7148,7395,7680,8278,7614,8138,9009,7462,8263,9086,9833
Bosnia y Herzegovina,BIH,PIB per cápita (US$ a precios actuales),NY.GDP.PCAP.CD,,,,,,,,,,,,,,,,,,,,,,,,,,,,,,,1743,1373,1118,930,337,502,719,914,1007,1135,1338,1388,1607,2034,2453,2740,3166,3931,4842,4540,4506,4983,4694,5035,5206,4662,4929,5345,6048,6122,6130,7295,7656,8639
Macedonia del Norte,MKD,PIB per cápita (US$ a precios actuales),NY.GDP.PCAP.CD,,,,,,,,,,,,,,,,,,,,,,,,,,,,,,,2277,2402,1199,1337,1786,2355,2307,1960,1876,1915,1862,1823,1989,2445,2819,3121,3440,4204,5026,4800,4833,5417,5050,5626,5925,5263,5598,5955,6714,6719,6660,7621,7606,8624
Albania,ALB,PIB per cápita (US$ a precios actuales),NY.GDP.PCAP.CD,,,,,,,,,,,,,,,,,,,,,591,663,668,662,639,640,694,675,653,698,617,337,201,367,586,751,1010,717,814,1033,1127,1282,1425,1846,2374,2674,2973,3595,4371,4114,4094,4437,4248,4413,4579,3953,4124,4531,5365,5460,5371,6413,6846,8575
Georgia,GEO,PIB per cápita (US$ a precios actuales),NY.GDP.PCAP.CD,,,,,,,,,,,,,,,,,,,,,,,,,,,,1544,1844,1853,1611,1311,757,550,520,578,689,807,852,674,750,802,854,1010,1305,1643,1996,2635,3325,2823,3282,4120,4531,4712,4830,4087,4143,4419,4804,4741,4301,5084,6730,8284
Turkmenistán,TKM,PIB per cápita (US$ a precios actuales),NY.GDP.PCAP.CD,,,,,,,,,,,,,,,,,,,,,,,,,,,,675,846,821,848,832,811,788,622,592,558,565,591,546,634,756,936,1229,1379,1604,1997,2415,3606,3708,4059,5144,6054,6600,7164,5759,5687,5828,6125,6648,6593,7051,8156,8233
Armenia,ARM,PIB per cápita (US$ a precios actuales),NY.GDP.PCAP.CD,,,,,,,,,,,,,,,,,,,,,,,,,,,,,,,635,573,356,348,391,444,487,505,590,583,593,660,743,882,1130,1557,2042,2963,3778,2821,3041,3350,3512,3680,3852,3512,3524,3869,4196,4597,4269,4685,6572,8053
Perú,PER,PIB per cápita (US$ a precios actuales),NY.GDP.PCAP.CD,253,277,305,324,381,439,505,498,448,488,550,599,647,754,927,1104,1026,903,756,942,1045,1216,1194,927,918,767,1087,1792,733,1045,1200,1527,1567,1488,1879,2190,2227,2301,2156,1917,1945,1930,2007,2129,2397,2707,3130,3581,4198,4181,5072,5861,6519,6747,6667,6232,6217,6736,6978,7037,6133,6827,7363,7907
Belarús,BLR,PIB per cápita (US$ a precios actuales),NY.GDP.PCAP.CD,,,,,,,,,,,,,,,,,,,,,,,,,,,,,,,1707,1805,1658,1590,1460,1371,1453,1397,1511,1211,1276,1244,1479,1820,2378,3126,3848,4735,6376,5352,6035,6528,6953,7998,8341,5967,5040,5786,6360,6838,6543,7490,7995,7829
Botswana,BWA,PIB per cápita (US$ a precios actuales),NY.GDP.PCAP.CD,59,62,66,69,73,80,89,101,113,132,163,212,264,374,446,493,490,565,695,909,1132,1107,1006,1121,1145,994,1200,1639,2141,2428,2903,2939,3005,2929,2917,3156,3156,3194,2981,3340,3451,3206,3117,4230,4957,5391,5292,5529,5503,5083,6216,7287,6596,6667,7122,6141,6749,7105,7408,7172,6323,7808,8329,7820
Gabón,GAB,PIB per cápita (US$ a precios actuales),NY.GDP.PCAP.CD,276,323,348,291,400,415,443,482,515,545,543,627,693,1140,2384,3258,4441,4048,3360,4155,5718,5026,4584,4182,4273,3898,3865,3624,4119,4374,6051,5345,5386,4106,3828,4415,4943,4509,3700,3751,3983,3836,3966,4711,5466,6548,6847,8004,9689,7291,8357,10219,9297,9198,9201,7047,6677,6922,7624,7441,6606,8181,8409,7803
Belice,BLZ,PIB per cápita (US$ a precios actuales),NY.GDP.PCAP.CD,307,320,332,342,356,383,412,426,392,402,442,481,529,619,805,906,729,866,983,1071,1774,1753,1629,1677,1814,1754,1859,2166,2406,2742,2989,3192,3646,3863,3879,4012,4046,4017,4128,4292,4730,4722,4862,4962,5156,5273,5527,5765,5713,5401,5451,5582,5710,5950,6128,6154,6142,6073,6031,6190,5227,6123,7068,7460
Tailandia,THA,PIB per cápita (US$ a precios actuales),NY.GDP.PCAP.CD,103,110,116,121,129,141,165,171,179,191,197,200,216,278,343,364,405,462,548,612,709,748,770,827,847,774,842,970,1164,1342,1559,1766,1972,2245,2518,2864,3055,2473,1848,2033,2006,1890,2090,2348,2642,2868,3331,3919,4309,4135,4974,5374,5726,6018,5801,5689,5834,6413,7100,7606,6986,7058,6909,7182
Azerbaiyán,AZE,PIB per cápita (US$ a precios actuales),NY.GDP.PCAP.CD,,,,,,,,,,,,,,,,,,,,,,,,,,,,,,,1238,735,60,210,157,315,409,506,562,574,655,704,763,884,1045,1578,2473,3851,5574,4950,5844,7190,7496,7875,7891,5501,3881,4147,4740,4806,4230,5408,7771,7126
Colombia,COL,PIB per cápita (US$ a precios actuales),NY.GDP.PCAP.CD,258,282,299,283,339,317,290,303,302,318,346,367,397,462,542,561,643,798,932,1095,1280,1362,1425,1384,1336,1192,1169,1193,1260,1244,1475,1500,1730,1930,2326,2583,2664,2873,2606,2244,2555,2473,2429,2312,2819,3456,3790,4770,5542,5251,6398,7401,8109,8279,8187,6249,5960,6480,6817,6473,5340,6223,6675,6947
Jamaica,JAM,PIB per cápita (US$ a precios actuales),NY.GDP.PCAP.CD,424,447,458,480,514,549,612,633,591,642,748,809,971,972,1193,1417,1450,1569,1262,1144,1249,1370,1494,1619,1048,917,1191,1411,1632,1865,1930,1710,1458,2221,2203,2631,2929,3297,3419,3432,3453,3504,3681,3550,3808,4184,4417,4716,5030,4428,4810,5233,5341,5124,4975,5063,5010,5259,5578,5607,4879,5165,6022,6840
República de Moldova,MDA,PIB per cápita (US$ a precios actuales),NY.GDP.PCAP.CD,,,,,,,,,,,,,,,,,,,,,,,,,,,,,,,1207,1038,778,797,574,594,575,657,579,399,441,507,571,682,897,1034,1183,1531,2111,1898,2437,2941,3045,3321,3290,2750,2847,3453,4156,4405,4376,5275,5738,6729
Islas Marshall,MHL,PIB per cápita (US$ a precios actuales),NY.GDP.PCAP.CD,,,,,,,,,,,373,390,416,472,602,638,672,724,771,859,868,969,1046,1199,1245,1162,1425,1543,1670,1670,1758,1811,1963,2112,2265,2491,2273,2231,2254,2258,2265,2394,2566,2539,2566,2659,2754,2892,2818,2907,3095,3319,3514,3678,3735,3764,4230,4593,4858,5292,5662,6259,6323,6678
Guinea Ecuatorial,GNQ,PIB per cápita (US$ a precios actuales),NY.GDP.PCAP.CD,,,133,155,178,217,227,232,212,208,207,206,211,269,319,362,369,376,,,175,121,137,129,138,161,189,221,229,193,236,225,264,257,183,248,392,717,578,931,1487,1949,2264,2931,4901,8674,10185,12617,18211,13233,13720,17198,17309,16304,15549,9069,7453,7809,8102,6804,5764,6946,7589,6678
Ecuador,ECU,PIB per cápita (US$ a precios actuales),NY.GDP.PCAP.CD,451,371,312,365,436,450,445,454,445,521,465,434,488,579,954,1086,1242,1465,1541,1783,2190,2601,2314,1940,1864,1842,1604,1426,1304,1356,1455,1587,1655,1698,1997,2108,2136,2341,2284,1575,1382,1791,2059,2316,2586,2909,3244,3479,4195,4053,4520,5154,5634,6109,6406,5976,5918,6233,6304,6205,5464,6076,6541,6610
Tuvalu,TUV,PIB per cápita (US$ a precios actuales),NY.GDP.PCAP.CD,,,,,,,,,,,457,478,522,601,708,656,612,549,546,566,571,634,537,533,567,480,557,600,823,976,1085,1134,1166,1141,1279,1285,1428,1461,1460,1559,1579,1457,1750,2007,2323,2305,2396,2794,3088,2684,3025,3636,3598,3510,3529,3358,3809,4166,4466,5115,4976,5905,5911,6345
Paraguay,PRY,PIB per cápita (US$ a precios actuales),NY.GDP.PCAP.CD,153,167,183,190,197,209,214,221,227,238,249,272,308,389,508,562,616,740,883,1149,1457,1793,1680,1710,1319,935,1031,1069,1114,1211,1440,1685,1683,1662,1760,1979,2088,2079,1890,1766,1736,1638,1368,1444,1786,1971,2439,3212,4385,3942,4751,5805,5642,6436,6652,5879,5775,6152,6258,5821,5365,5977,6206,6276
Libia,LBY,PIB per cápita (US$ a precios actuales),NY.GDP.PCAP.CD,269,285,382,528,765,1001,1251,1437,1972,2175,2210,2443,2830,3727,6214,5721,7018,7783,7252,9443,11960,10044,9064,8927,7811,8087,6019,6465,5736,5793,6502,7040,7303,6478,5933,5205,5591,6062,5301,6895,7214,6313,3718,4674,5774,8079,10049,11145,13906,9551,11601,7594,14976,11952,8926,7458,7526,9966,11197,9963,6650,4936,5987,6173
Sudáfrica,ZAF,PIB per cápita (US$ a precios actuales),NY.GDP.PCAP.CD,532,546,563,605,646,685,722,779,817,891,952,1020,1038,1369,1656,1670,1559,1671,1852,2202,3029,3050,2717,2938,2504,1839,2027,2586,2702,2727,3093,3243,3462,3400,3489,3856,3618,3700,3310,3242,3218,2847,2688,4062,5221,5837,6077,6592,6185,6375,7973,8646,8077,7332,6857,6112,5651,6618,6914,6534,5581,6843,6523,6023
Kosovo,XKX,PIB per cápita (US$ a precios actuales),NY.GDP.PCAP.CD,,,,,,,,,,,,,,,,,,,,,,,,,,,,,,,,,,,,,,,,,,,,,,,,,2877,2795,2988,3539,3411,3705,3902,3521,3759,4009,4384,4416,4311,5270,5291,5960
Fiji,FJI,PIB per cápita (US$ a precios actuales),NY.GDP.PCAP.CD,277,280,285,291,306,311,310,326,327,350,414,458,575,762,984,1188,1186,1204,1355,1627,1873,1879,1773,1628,1667,1577,1745,1569,1463,1543,1729,1775,1951,2070,2297,2467,2648,2574,2010,2328,1996,1945,2137,2656,3097,3378,3455,3763,3900,3164,3449,4140,4341,4572,5293,5098,5364,5827,6085,5951,4844,4696,5405,5889
Mongolia,MNG,PIB per cápita (US$ a precios actuales),NY.GDP.PCAP.CD,,,,,,,,,,,,,,,,,,,,,1235,1325,1430,1490,1120,1138,1469,1493,1543,1684,1220,1099,608,355,423,653,596,515,484,449,476,524,570,643,794,995,1330,1628,2127,1703,2625,3736,4329,4340,4126,3839,3620,3646,4108,4348,4001,4518,4994,5839
Guatemala,GTM,PIB per cápita (US$ a precios actuales),NY.GDP.PCAP.CD,257,257,265,284,284,283,287,292,315,326,353,358,370,441,529,595,697,856,925,1026,1142,1216,1204,1220,1241,1238,896,854,919,958,848,1014,1096,1166,1293,1421,1481,1638,1741,1604,1649,1538,1669,1723,1841,2046,2225,2459,2763,2612,2805,3169,3287,3444,3689,3894,4060,4325,4353,4512,4478,4914,5358,5763
Iraq,IRQ,PIB per cápita (US$ a precios actuales),NY.GDP.PCAP.CD,219,232,241,236,269,285,298,291,319,320,337,384,394,476,1031,1166,1489,1609,1863,2871,3868,2700,2942,2743,3066,3088,2940,3436,3707,3791,10261,23,30,54,198,619,485,936,901,1560,1980,1436,1266,818,1328,1762,2277,3129,4543,3715,4462,5776,6478,6650,6249,4440,4334,4759,5647,5672,4295,4868,6504,5565
Suriname,SUR,PIB per cápita (US$ a precios actuales),NY.GDP.PCAP.CD,378,395,409,424,435,482,575,644,681,708,724,768,785,858,1041,1190,1302,1666,1928,2072,2118,2368,2430,2333,2261,2256,2271,2469,2886,1329,942,1080,969,1022,1434,1610,1963,2068,2429,1898,1988,1715,2202,2516,2888,3453,5003,5530,6576,7130,7944,7950,8851,9043,9108,8814,5644,6050,6666,6630,4755,5030,6084,5494
El Salvador,SLV,PIB per cápita (US$ a precios actuales),NY.GDP.PCAP.CD,,,,,,274,282,288,290,293,309,316,329,366,413,457,553,684,712,773,787,752,735,745,763,776,755,777,806,825,892,956,1041,1180,1344,1548,1651,1749,1860,1908,1983,2058,2115,2208,2286,2447,2666,2831,2983,2910,3040,3331,3498,3582,3666,3790,3901,4020,4184,4320,3997,4643,5094,5391
Argelia,DZA,PIB per cápita (US$ a precios actuales),NY.GDP.PCAP.CD,238,209,170,226,239,254,241,262,292,316,353,360,469,590,873,992,1080,1232,1506,1843,2276,2307,2275,2374,2524,2633,2800,2847,2451,2247,2445,1759,1803,1831,1526,1467,1617,1629,1603,1596,1773,1896,1937,2284,2817,3233,3661,4167,5181,4235,4913,5916,6034,5980,6095,4685,4425,4555,4577,4468,3744,4161,4962,5364
Ucrania,UKR,PIB per cápita (US$ a precios actuales),NY.GDP.PCAP.CD,,,,,,,,,,,,,,,,,,,,,,,,,,,,1244,1444,1593,1564,1483,1413,1254,1009,933,870,987,831,632,653,800,903,1076,1401,1875,2366,3160,4018,2607,3040,3657,3951,4130,3055,2094,2158,2604,3059,3620,3710,4776,4200,5070
Indonesia,IDN,PIB per cápita (US$ a precios actuales),NY.GDP.PCAP.CD,,,,,,,,53,65,74,79,79,90,130,201,231,276,331,362,353,487,561,578,508,520,511,470,438,477,524,578,624,674,817,900,1011,1119,1045,455,657,764,732,881,1043,1127,1238,1558,1823,2125,2218,3066,3579,3632,3567,3441,3288,3521,3799,3861,4107,3854,4287,4731,4876
Cabo Verde,CPV,PIB per cápita (US$ a precios actuales),NY.GDP.PCAP.CD,,,,,,,,,,,,,,,,,,,,,440,425,423,410,385,396,541,658,729,727,817,832,908,1220,991,1165,1180,1134,1187,1327,1190,1223,1329,1718,1929,2004,2257,3325,3909,3660,3579,4002,3737,3961,3986,3415,3609,3893,4295,4381,3539,3971,4323,4851
Irán,IRN,PIB per cápita (US$ a precios actuales),NY.GDP.PCAP.CD,196,200,206,210,222,248,263,284,314,345,377,457,555,851,1409,1532,1954,2243,2101,2352,2368,2393,2845,3397,3395,3634,4064,2513,2234,2125,2138,2194,1957,1038,1168,1550,1915,1790,1709,1740,1650,1881,1891,2209,2672,3132,3619,4688,5377,5416,6291,8026,8114,6223,5672,4953,5477,5753,4632,3831,2989,4335,4405,4466
Jordania,JOR,PIB per cápita (US$ a precios actuales),NY.GDP.PCAP.CD,,,,,,546,558,497,409,474,409,412,460,531,651,718,873,1039,1249,1519,1750,1885,1929,1939,1871,1797,2200,2217,1966,1260,1149,1110,1287,1289,1367,1416,1410,1436,1532,1545,1571,1632,1706,1776,1940,2088,2343,2506,3242,3436,3718,3947,4170,4311,4191,4043,3987,4066,4145,4170,4022,4183,4332,4456
Samoa,WSM,PIB per cápita (US$ a precios actuales),NY.GDP.PCAP.CD,,,,,,,,,,,322,377,433,563,626,610,541,615,671,751,765,713,728,671,655,573,604,666,790,728,744,742,777,775,1277,1288,1419,1608,1506,1417,1425,1454,1528,1798,2189,2550,2663,3039,3374,3279,3524,3822,3935,4024,3983,4084,4147,4308,4232,4352,4100,3948,3869,4330
Viet Nam,VNM,PIB per cápita (US$ a precios actuales),NY.GDP.PCAP.CD,,,,,,,,,,,,,,,,,,,,,,,,,,239,436,595,405,98,99,144,145,189,230,288,337,362,361,376,404,419,445,497,565,711,808,926,1164,1226,1683,1951,2185,2360,2546,2578,2735,2956,3222,3441,3534,3704,4116,4282
Namibia,NAM,PIB per cápita (US$ a precios actuales),NY.GDP.PCAP.CD,,,,,,,,,,,,,,,,,,,,,2468,2267,2097,2214,1830,1466,1599,1969,2063,1967,2037,2117,2347,2155,2356,2483,2423,2460,2235,2178,2157,1916,1772,2569,3403,3686,4017,4379,4205,4303,5418,5835,5943,5347,5378,4774,4396,5144,5309,4732,3879,4413,4349,4168
Túnez,TUN,PIB per cápita (US$ a precios actuales),NY.GDP.PCAP.CD,,201,201,232,228,217,224,228,249,258,280,320,415,493,624,741,752,830,946,1113,1324,1247,1177,1184,1143,1135,1187,1245,1266,1239,1476,1538,1785,1649,1733,1968,2107,2202,2285,2376,2199,2236,2321,2726,3067,3147,3323,3727,4255,4080,4292,4421,4297,4370,4459,4015,3848,3619,3628,3529,3549,3885,3678,3978
Sri Lanka,LKA,PIB per cápita (US$ a precios actuales),NY.GDP.PCAP.CD,146,146,141,119,123,156,157,162,153,164,187,189,199,220,269,280,260,292,191,231,271,292,312,336,391,385,407,420,434,430,491,546,580,607,678,742,776,827,849,826,846,804,835,946,1029,1207,1390,1579,1974,2027,2808,3225,3328,3741,3972,4060,4150,4401,4361,4083,3846,3999,3343,3828
Filipinas,PHL,PIB per cápita (US$ a precios actuales),NY.GDP.PCAP.CD,269,284,167,179,188,200,214,223,242,261,201,217,230,283,379,401,449,502,565,667,767,821,833,723,665,633,600,650,722,792,804,804,917,919,1060,1200,1311,1273,983,1101,1051,970,1015,1027,1100,1220,1426,1713,1959,1864,2163,2384,2615,2781,2867,2910,2985,3038,3169,3401,3228,3484,3548,3805
Marruecos,MAR,PIB per cápita (US$ a precios actuales),NY.GDP.PCAP.CD,175,169,194,211,216,222,211,217,227,247,260,279,317,381,457,522,543,611,713,835,1110,884,857,767,682,673,855,937,1086,1091,1229,1292,1327,1226,1359,1467,1597,1426,1668,1636,1499,1506,1596,1942,2184,2243,2438,2756,3183,3120,3068,3302,3164,3380,3435,3146,3141,3297,3502,3508,3268,3786,3455,3771
Bolivia,BOL,PIB per cápita (US$ a precios actuales),NY.GDP.PCAP.CD,101,107,115,121,134,146,158,174,194,205,219,231,268,257,418,468,520,600,683,801,773,981,931,880,982,838,604,650,673,675,683,734,760,757,774,853,922,970,1022,979,976,930,888,893,953,1020,1203,1355,1693,1731,1930,2316,2576,2870,3041,2996,3036,3306,3501,3504,3100,3385,3644,3686
Eswatini,SWZ,PIB per cápita (US$ a precios actuales),NY.GDP.PCAP.CD,102,122,127,146,172,181,193,183,190,245,254,301,315,463,536,568,521,563,610,714,908,925,843,843,726,510,611,765,865,832,1278,1273,1362,1397,1461,1751,1619,1705,1547,1502,1669,1468,1352,2060,2581,2945,3035,3181,3000,3240,3993,4312,4348,3910,3741,3394,3224,3831,3986,3894,3442,3926,3852,3611
Djibouti,DJI,PIB per cápita (US$ a precios actuales),NY.GDP.PCAP.CD,,,,,,,,,,,,,,,,,,,,,,,,,,847,,822,817,782,780,733,764,759,785,786,762,748,735,740,738,742,743,765,806,844,898,970,1119,1151,1213,1306,1400,2074,2209,2376,2510,2619,2718,2837,2882,3020,3231,3555
Vanuatu,VUT,PIB per cápita (US$ a precios actuales),NY.GDP.PCAP.CD,,,,,,,,,,,,,,,,,,,,1055,1048,962,946,947,1137,1012,946,1017,1125,1067,1141,1326,1344,1257,1431,1492,1529,1562,1471,1472,1460,1350,1341,1567,1774,1874,2035,2334,2604,2546,2815,3163,3005,2980,2968,2747,2870,3160,3207,3207,3043,3107,3265,3515
Egipto,EGY,PIB per cápita (US$ a precios actuales),NY.GDP.PCAP.CD,156,163,142,144,158,162,168,174,180,193,232,243,256,272,243,299,335,353,355,421,493,490,596,648,690,770,790,754,634,701,736,623,681,740,807,916,1009,1146,1213,1268,1366,1295,1117,1031,991,1105,1299,1548,1896,2162,2455,2591,2996,3026,3133,3307,3271,2395,2485,2963,3511,3827,4233,3457
Honduras,HND,PIB per cápita (US$ a precios actuales),NY.GDP.PCAP.CD,163,168,178,183,198,214,225,237,249,250,263,258,275,303,334,352,409,491,884,980,1065,1053,1078,1098,1170,1221,1276,1353,1254,1122,988,907,938,908,832,932,883,945,1021,1002,1093,1132,1132,1156,1215,1305,1426,1578,1732,1781,1893,2074,2126,2081,2180,2271,2307,2413,2465,2502,2308,2735,3003,3232
Papua Nueva Guinea,PNG,PIB per cápita (US$ a precios actuales),NY.GDP.PCAP.CD,116,120,125,129,140,154,171,189,203,225,258,280,327,483,533,482,525,558,648,748,813,781,726,769,750,697,745,865,985,934,826,942,1051,1151,1228,998,1071,990,733,650,636,538,506,577,621,744,1238,1371,1625,1569,1867,2288,2635,2561,2723,2485,2316,2478,2566,2576,2430,2608,3102,2958
Santo Tomé y Príncipe,STP,PIB per cápita (US$ a precios actuales),NY.GDP.PCAP.CD,,,,,,,,,,,479,470,511,676,683,693,585,539,587,683,829,830,783,720,735,761,1043,1018,847,821,970,855,740,964,990,769,987,662,514,543,529,519,568,664,727,844,862,879,1082,1128,1045,1220,1211,1383,1490,1298,1435,1556,1826,1935,2167,2363,2390,2941
Uzbekistán,UZB,PIB per cápita (US$ a precios actuales),NY.GDP.PCAP.CD,,,,,,,,,,,,,,,,,,,,,,,,,,,,450,551,598,653,658,603,596,574,583,597,621,621,698,555,454,381,394,462,543,649,824,1075,1206,1753,2088,2307,2462,2675,2803,2753,2191,1813,2041,1978,2259,2579,2850
Nicaragua,NIC,PIB per cápita (US$ a precios actuales),NY.GDP.PCAP.CD,127,133,142,152,173,272,284,298,304,319,321,331,341,413,557,561,633,744,691,495,659,740,714,780,861,724,761,992,662,249,243,350,411,394,849,892,911,913,949,980,1017,1052,1014,1021,1099,1183,1248,1350,1524,1467,1527,1680,1785,1835,1958,2074,2132,2183,2035,1959,1932,2129,2325,2613
Bangladesh,BGD,PIB per cápita (US$ a precios actuales),NY.GDP.PCAP.CD,82,90,93,94,93,99,104,114,114,126,130,125,88,110,165,250,127,118,158,181,206,224,200,185,193,222,212,231,248,263,283,272,273,281,281,309,372,379,386,388,397,395,394,427,456,480,490,538,613,679,757,837,860,958,1094,1224,1649,1811,1965,2130,2249,2483,2716,2551
Côte d'Ivoire,CIV,PIB per cápita (US$ a precios actuales),NY.GDP.PCAP.CD,149,162,163,185,216,207,222,226,257,262,269,280,313,406,474,575,661,856,1039,1157,1238,986,849,737,709,695,877,930,910,833,886,827,845,804,582,740,1170,1125,1177,1096,937,925,968,1111,1200,1198,1230,1368,1584,1540,1554,1597,1547,1786,1991,1815,1863,1964,2131,2142,2180,2456,2309,2531
India,IND,PIB per cápita (US$ a precios actuales),NY.GDP.PCAP.CD,85,88,92,103,118,122,91,98,102,109,114,121,125,147,167,161,164,190,209,228,271,275,279,296,281,301,315,345,358,350,371,306,319,303,348,375,401,416,414,442,443,450,469,544,624,710,802,1022,993,1095,1348,1445,1429,1433,1554,1584,1708,1950,1966,2041,1907,2240,2353,2481
Congo,COG,PIB per cápita (US$ a precios actuales),NY.GDP.PCAP.CD,125,140,150,151,158,164,178,186,191,195,197,224,276,353,370,471,453,448,503,670,933,1066,1131,1075,1097,1049,872,1052,984,1033,1176,1113,1164,1034,662,770,899,804,660,776,1024,855,906,1017,1306,1799,2104,2206,2832,2271,2947,3396,3732,3697,3601,2439,2093,2212,2694,2488,1994,2516,2621,2478
Camboya,KHM,PIB per cápita (US$ a precios actuales),NY.GDP.PCAP.CD,,,,,,,,,,,,,,,,114,129,126,147,142,143,154,159,167,175,182,186,158,244,191,190,267,307,294,302,343,325,298,259,287,296,328,350,387,444,526,612,732,866,876,952,1089,1193,1306,1432,1547,1675,1826,2037,2226,2082,2167,2325,2430
Angola,AGO,PIB per cápita (US$ a precios actuales),NY.GDP.PCAP.CD,,,,,,,,,,,,,,,,,,,,,729,658,634,637,650,772,698,770,807,908,966,882,669,450,335,404,531,522,429,393,564,534,882,993,1266,1916,2617,3141,4103,3137,3597,4616,5086,5058,5006,3214,1808,2437,2539,2190,1450,1926,2930,2308
Ghana,GHA,PIB per cápita (US$ a precios actuales),NY.GDP.PCAP.CD,175,182,188,205,225,261,263,211,197,226,248,263,224,310,289,273,261,292,326,347,372,344,319,311,330,330,411,355,355,350,383,418,396,360,321,372,389,378,400,403,254,264,297,358,406,479,906,1050,1183,1048,1264,1507,1544,2294,1954,1722,1913,2013,2197,2186,2197,2446,2240,2260
Sudán,SDN,PIB per cápita (US$ a precios actuales),NY.GDP.PCAP.CD,100,105,111,110,110,111,111,116,118,126,139,147,155,185,229,270,325,392,410,409,418,484,379,346,430,326,400,471,553,814,1257,1618,253,313,439,463,295,373,351,325,362,451,506,580,705,906,1132,1444,1528,1178,1306,1333,1019,1139,1275,1292,1033,967,731,710,578,712,1046,2183
Zimbabwe,ZWE,PIB per cápita (US$ a precios actuales),NY.GDP.PCAP.CD,276,279,276,277,282,294,279,294,302,346,361,405,483,579,674,717,687,677,665,779,949,1068,1095,959,757,649,692,726,815,840,866,831,631,604,634,648,767,750,552,582,563,566,525,468,469,461,431,413,341,735,902,1037,1239,1362,1372,1386,1407,3448,2272,1684,1730,1724,2041,2156
Mauritania,MRT,PIB per cápita (US$ a precios actuales),NY.GDP.PCAP.CD,,188,189,188,244,270,274,282,301,277,281,296,335,410,494,551,589,590,578,664,711,729,710,725,650,593,677,746,762,762,772,1062,1036,850,865,905,904,859,821,781,681,652,649,732,824,999,1301,1405,1636,1435,1660,1931,1859,1934,1713,1555,1566,1615,1723,1767,1796,1948,1960,2121
Kiribati,KIR,PIB per cápita (US$ a precios actuales),NY.GDP.PCAP.CD,,,,,,,,,,,201,211,256,422,1131,730,548,520,611,573,542,568,519,483,527,393,382,424,536,515,488,540,792,748,838,844,986,953,874,887,845,719,810,1021,1083,1162,1123,1353,1411,1317,1522,1771,1844,1772,1737,1640,1743,1853,1913,1751,1769,2254,2076,2107
Lao,LAO,PIB per cápita (US$ a precios actuales),NY.GDP.PCAP.CD,,,,,,,,,,,,,,,,,,,,,,,,,483,633,462,275,147,170,201,232,247,283,321,358,371,339,244,272,319,320,313,355,409,466,579,697,886,935,1126,1362,1564,1813,1981,2121,2303,2432,2545,2589,2584,2526,2046,2067
Islas Salomón,SLB,PIB per cápita (US$ a precios actuales),NY.GDP.PCAP.CD,,,,,,,,153,167,166,,277,220,291,433,372,401,434,500,658,768,786,756,686,665,586,506,515,567,538,648,666,764,829,1078,1220,1289,1292,1092,1134,953,912,757,896,986,1144,1256,1390,1526,1555,1685,1924,2066,2161,2165,2045,2083,2144,2278,2224,2063,1997,2005,2042
Kirguistán,KGZ,PIB per cápita (US$ a precios actuales),NY.GDP.PCAP.CD,,,,,,,,,,,,,,,,,,,,,,,,,,,,,,,606,570,513,449,372,364,395,376,345,258,280,308,322,381,433,477,543,722,966,870,877,1117,1169,1270,1265,1106,1103,1221,1284,1422,1230,1350,1740,1970
Kenya,KEN,PIB per cápita (US$ a precios actuales),NY.GDP.PCAP.CD,103,99,105,107,111,107,120,122,129,133,141,151,173,199,227,241,249,311,355,403,454,413,374,335,334,320,364,387,391,374,374,345,337,229,276,340,441,467,488,434,415,411,403,443,464,523,700,840,916,1048,1092,1096,1285,1371,1483,1489,1554,1667,1836,1960,1928,2061,2110,1952
Camerún,CMR,PIB per cápita (US$ a precios actuales),NY.GDP.PCAP.CD,119,125,130,132,139,143,146,157,171,175,178,187,220,272,300,386,381,435,582,718,784,750,732,746,772,875,1179,1258,1145,1001,1087,1015,1005,1310,701,832,827,783,799,796,709,715,790,988,1133,1143,1191,1326,1492,1461,1399,1514,1449,1576,1649,1415,1442,1496,1611,1555,1556,1672,1605,1737
Senegal,SEN,PIB per cápita (US$ a precios actuales),NY.GDP.PCAP.CD,300,308,307,309,318,314,315,305,311,287,290,291,342,381,417,547,541,540,589,716,772,683,652,564,536,571,784,916,880,849,957,913,951,878,584,715,723,651,685,678,603,637,669,818,918,980,1017,1189,1399,1309,1276,1375,1327,1380,1399,1218,1266,1357,1453,1431,1461,1598,1565,1706
Haití,HTI,PIB per cápita (US$ a precios actuales),NY.GDP.PCAP.CD,71,69,70,72,78,84,86,84,82,86,71,77,77,95,113,134,169,179,180,196,246,258,253,273,299,325,367,318,397,407,452,497,316,258,292,372,377,425,465,510,821,749,721,579,683,776,829,985,1095,1197,1210,1312,1361,1458,1460,1411,1318,1395,1496,1352,1290,1835,1761,1706
Nigeria,NGA,PIB per cápita (US$ a precios actuales),NY.GDP.PCAP.CD,93,97,105,108,113,117,124,100,97,121,224,160,209,252,403,438,556,536,527,661,870,2162,1822,1207,890,869,628,588,540,465,556,597,509,540,745,1272,1633,1720,1822,481,547,566,712,763,962,1211,1600,1816,2154,1820,2202,2418,2633,2873,3089,2586,2070,1876,2058,2265,2020,2017,2139,1597
Comoras,COM,PIB per cápita (US$ a precios actuales),NY.GDP.PCAP.CD,,,,,,,,,,,,,,,,,,,,,628,565,515,522,489,507,699,822,845,788,966,931,983,956,662,812,794,718,716,727,655,692,762,960,1091,1103,1155,1290,1455,1410,1387,1531,1490,1603,1616,1329,1365,1424,1541,1519,1527,1584,1489,1590
Guinea,GIN,PIB per cápita (US$ a precios actuales),NY.GDP.PCAP.CD,,,,,,,,,,,753,825,948,1143,1243,1311,1431,1440,1658,1790,1931,1876,2273,2823,3362,4062,506,505,574,570,604,656,693,671,672,713,726,696,647,611,518,483,496,566,585,463,447,650,704,662,659,637,699,748,765,747,712,834,933,1031,1054,1245,1417,1541
Timor-Leste,TLS,PIB per cápita (US$ a precios actuales),NY.GDP.PCAP.CD,,,,,,,,,,,,,,,,,,,,,,,,,,,,,,,169,190,235,264,283,303,344,349,346,270,492,588,534,535,474,487,465,540,628,687,813,939,1023,1205,1225,1320,1336,1266,1219,1562,1631,2685,2343,1503
Benin,BEN,PIB per cápita (US$ a precios actuales),NY.GDP.PCAP.CD,90,92,91,96,100,105,108,107,111,110,109,107,128,154,165,196,198,207,250,311,358,320,305,256,239,230,286,324,326,293,371,365,302,387,262,348,369,345,362,525,487,492,546,676,759,779,809,912,1061,1024,973,1059,1072,1169,1204,1002,1011,1055,1152,1131,1198,1319,1265,1394
Nepal,NPL,PIB per cápita (US$ a precios actuales),NY.GDP.PCAP.CD,50,52,55,46,45,66,79,72,65,65,70,69,79,73,90,114,102,95,108,122,125,143,147,147,151,150,160,162,187,185,186,196,165,173,187,198,199,212,205,209,224,241,239,246,280,309,340,385,465,473,585,786,788,803,821,876,877,1034,1179,1203,1154,1253,1386,1378
Pakistán,PAK,PIB per cápita (US$ a precios actuales),NY.GDP.PCAP.CD,82,88,90,94,102,114,122,135,142,149,167,172,148,98,132,162,184,205,233,249,287,328,345,311,327,317,314,317,354,358,344,380,396,408,400,451,457,438,424,418,642,610,600,672,772,828,901,998,1067,964,987,1132,1204,1225,1267,1380,1425,1519,1569,1390,1278,1455,1538,1365
Zambia,ZMB,PIB per cápita (US$ a precios actuales),NY.GDP.PCAP.CD,222,210,202,203,230,287,325,341,387,459,414,372,410,518,601,490,533,474,514,595,669,670,627,520,413,332,238,315,504,526,422,423,389,391,426,433,400,466,373,350,359,397,394,446,549,711,1052,1119,1376,1136,1451,1625,1710,1821,1707,1296,1239,1483,1464,1259,952,1127,1447,1331
Etiopía,ETH,PIB per cápita (US$ a precios actuales),NY.GDP.PCAP.CD,75,77,78,79,84,89,93,96,99,102,109,113,120,135,148,144,152,170,178,192,204,213,215,233,214,244,246,254,253,256,262,278,207,169,128,137,147,143,126,121,122,118,110,117,133,158,189,237,316,369,331,343,452,484,550,622,696,746,748,829,905,911,1011,1272
Myanmar,MMR,PIB per cápita (US$ a precios actuales),NY.GDP.PCAP.CD,25,27,28,26,17,15,12,17,22,22,21,21,23,25,41,35,39,28,29,29,31,33,43,39,36,40,42,41,40,51,53,51,59,76,105,124,142,108,146,189,197,142,147,224,225,253,303,419,658,758,1011,1214,1203,1199,1293,1167,1229,1273,1298,1426,1490,1243,1158,1233
Tanzanía,TZA,PIB per cápita (US$ a precios actuales),NY.GDP.PCAP.CD,275,285,304,329,346,342,380,385,399,405,217,224,247,284,329,365,398,458,530,542,611,684,702,685,609,700,479,335,308,260,244,276,250,224,229,258,314,364,386,393,402,397,403,422,450,483,476,543,676,694,737,775,862,963,1023,939,953,987,1023,1063,1117,1160,1208,1224
Tayikistán,TJK,PIB per cápita (US$ a precios actuales),NY.GDP.PCAP.CD,,,,,,,,,,,,,,,,,,,,,,,,,,,,,,,487,458,338,288,261,207,172,150,214,175,137,169,187,234,306,334,401,517,703,665,737,834,952,1028,1082,957,789,829,834,871,834,897,1052,1161
Rwanda,RWA,PIB per cápita (US$ a precios actuales),NY.GDP.PCAP.CD,39,39,39,39,39,43,35,44,46,49,55,54,58,67,69,124,134,153,180,214,234,255,246,251,260,272,298,320,344,335,346,254,264,247,111,228,206,239,246,265,252,237,234,249,270,324,357,426,528,564,594,651,707,705,725,734,730,758,772,810,779,829,975,1010
Uganda,UGA,PIB per cápita (US$ a precios actuales),NY.GDP.PCAP.CD,55,56,56,62,69,100,101,103,107,117,122,133,137,153,184,201,203,238,191,165,94,99,157,158,248,234,254,393,395,310,245,183,152,166,198,279,285,287,292,258,258,236,242,251,292,330,347,401,473,799,823,836,795,818,896,863,753,765,792,822,846,883,963,1002
Togo,TGO,PIB per cápita (US$ a precios actuales),NY.GDP.PCAP.CD,102,105,108,115,130,143,159,164,164,175,160,175,199,234,315,339,332,406,421,443,549,451,372,336,304,313,422,482,517,492,575,550,565,414,329,419,452,448,461,445,410,397,445,538,560,551,553,608,719,721,705,784,762,827,856,751,773,793,851,826,854,940,899,986
Guinea-Bissau,GNB,PIB per cápita (US$ a precios actuales),NY.GDP.PCAP.CD,,,,,,,,,,,350,348,389,392,419,435,421,403,403,376,347,477,503,489,407,417,371,488,454,578,651,672,574,582,561,589,615,599,498,479,317,327,362,420,431,463,449,519,640,583,600,720,635,654,652,645,680,783,809,807,818,900,853,951
Lesotho,LSO,PIB per cápita (US$ a precios actuales),NY.GDP.PCAP.CD,47,47,54,58,63,64,64,65,65,67,67,72,74,107,129,123,118,150,201,212,307,300,234,252,211,165,191,236,270,279,330,382,444,439,456,513,480,502,465,456,443,413,389,583,767,861,925,861,898,879,1119,1281,1218,1151,1174,1121,992,1069,1171,1082,919,1067,1030,916
Gambia,GMB,PIB per cápita (US$ a precios actuales),NY.GDP.PCAP.CD,,,,,,,94,97,83,89,100,103,107,131,163,190,179,214,258,300,338,296,282,269,215,263,208,237,275,281,301,628,623,635,608,622,652,600,610,575,538,460,377,309,593,616,615,725,859,775,801,711,693,654,568,620,650,643,696,738,720,782,836,888
Burkina Faso,BFA,PIB per cápita (US$ a precios actuales),NY.GDP.PCAP.CD,69,72,77,79,81,82,83,85,85,87,82,85,100,114,125,153,155,176,224,259,278,249,239,212,188,194,247,280,301,293,339,334,349,324,187,229,243,224,250,293,249,259,286,362,404,441,456,515,619,602,625,725,731,760,765,630,664,709,777,765,825,896,836,883
Malí,MLI,PIB per cápita (US$ a precios actuales),NY.GDP.PCAP.CD,,,,,,,,46,57,55,57,62,75,85,80,121,135,148,169,216,234,200,170,162,150,166,217,241,246,242,292,291,296,289,209,266,267,253,267,306,256,291,318,372,416,461,494,564,658,663,670,789,734,758,797,705,731,776,835,820,804,862,814,869
Liberia,LBR,PIB per cápita (US$ a precios actuales),NY.GDP.PCAP.CD,167,158,160,163,174,178,185,192,199,215,220,227,239,244,299,346,347,381,394,435,443,426,422,391,390,380,364,409,424,312,173,178,108,74,61,62,71,123,135,157,298,300,300,240,284,287,321,374,452,448,492,568,638,711,707,693,715,699,692,658,617,668,745,772
Sierra Leona,SLE,PIB per cápita (US$ a precios actuales),NY.GDP.PCAP.CD,142,142,146,146,153,146,149,136,126,154,160,152,165,201,222,228,196,224,305,346,336,334,380,286,306,236,131,172,268,231,155,184,163,185,219,208,224,200,157,155,144,358,389,414,418,463,518,579,651,625,648,718,905,1146,1141,945,839,788,846,844,845,885,860,758
Chad,TCD,PIB per cápita (US$ a precios actuales),NY.GDP.PCAP.CD,103,107,113,115,119,124,126,128,127,129,126,132,150,162,160,207,204,216,253,223,229,194,176,167,182,203,203,214,264,246,291,302,291,221,174,204,217,201,220,187,163,194,219,289,446,644,694,781,906,781,866,954,936,946,983,748,668,640,696,678,622,661,672,681
Níger,NER,PIB per cápita (US$ a precios actuales),NY.GDP.PCAP.CD,128,135,143,153,148,166,169,155,146,138,140,145,151,188,198,197,195,230,307,354,409,343,310,269,211,202,260,295,293,271,424,384,384,335,206,237,239,221,246,228,195,205,225,265,283,319,333,387,475,461,474,511,529,552,565,486,503,522,579,562,580,609,610,643
Congo,COD,PIB per cápita (US$ a precios actuales),NY.GDP.PCAP.CD,220,197,235,376,170,232,253,183,206,257,242,270,291,361,428,445,408,509,615,582,539,456,482,376,260,230,251,230,258,254,255,240,209,263,137,127,127,132,131,96,378,143,162,161,181,204,238,268,307,281,315,365,400,431,458,468,442,437,528,557,508,558,643,628
Mozambique,MOZ,PIB per cápita (US$ a precios actuales),NY.GDP.PCAP.CD,,,,,,,,,,,,,,,,,,,,,,,,,,,,,,,,289,206,205,197,192,244,288,320,354,327,305,314,339,400,437,457,508,592,548,496,618,686,687,697,611,441,471,518,519,462,510,578,623
Malawi,MWI,PIB per cápita (US$ a precios actuales),NY.GDP.PCAP.CD,,,,,,,,,,,,,,,,,,,,,287,276,253,252,240,216,218,208,229,252,287,326,258,293,169,200,321,367,236,234,224,215,428,383,405,414,441,475,554,626,683,763,558,497,530,540,451,496,533,581,603,617,604,602
Somalia,SOM,PIB per cápita (US$ a precios actuales),NY.GDP.PCAP.CD,63,65,67,69,72,74,76,79,81,84,93,90,114,120,138,178,200,111,117,108,101,117,129,119,122,131,131,141,145,166,146,105,109,189,211,211,237,280,363,359,386,245,230,286,375,440,458,480,507,247,219,235,350,393,429,446,461,511,510,540,518,549,573,597
Madagascar,MDG,PIB per cápita (US$ a precios actuales),NY.GDP.PCAP.CD,132,133,137,137,142,143,151,156,164,163,167,175,190,227,255,295,274,287,315,396,578,513,501,476,385,364,405,291,281,271,326,262,290,308,259,273,340,284,284,267,280,319,305,353,272,306,324,420,513,446,450,506,494,515,506,445,454,492,500,500,451,490,497,506
República Centroafricana,CAF,PIB per cápita (US$ a precios actuales),NY.GDP.PCAP.CD,66,71,70,72,77,80,82,84,96,92,90,94,105,122,124,164,192,214,255,289,325,280,298,260,248,333,426,450,466,443,502,465,462,405,261,333,293,266,267,268,239,238,249,278,303,312,334,381,437,456,477,534,544,364,410,366,387,432,455,449,463,492,467,496
Yemen,YEM,PIB per cápita (US$ a precios actuales),NY.GDP.PCAP.CD,,,,,,,,,,,,,,,,,,,,,,,,,,,,,,,910,1016,1198,1397,1735,764,375,383,343,401,493,487,513,549,628,734,810,890,1072,969,1155,1186,1245,1379,1430,1362,975,811,634,623,560,522,616,477
Afganistán,AFG,PIB per cápita (US$ a precios actuales),NY.GDP.PCAP.CD,,,,,,,,,,,,,,,,,,,,,,,,,,,,,,,,,,,,,,,,,175,139,179,199,222,254,274,376,382,452,561,607,651,637,625,566,522,525,491,497,511,356,357,416
Burundi,BDI,PIB per cápita (US$ a precios actuales),NY.GDP.PCAP.CD,71,72,73,78,85,51,51,54,54,55,69,70,68,84,93,111,115,137,149,186,210,212,216,225,200,228,234,216,202,204,203,205,185,165,162,165,143,160,144,128,135,132,121,111,125,147,162,166,190,199,217,230,232,235,251,281,235,237,225,210,210,214,251,193